id,name,owner,env,deployed,url,location,version,version_source,trapi,trapi_source,biolink,data_release,http_status,reachable,unregistered,drift,released,release_tag,release_url,openapi_url,status_url
dingo-ingest,DINGO Ingests,DINGO,dev,FALSE,,,,,,,,,,,,,,,,,
dingo-ingest,DINGO Ingests,DINGO,ci,FALSE,,,,,,,,,,,,,,,,,
dingo-ingest,DINGO Ingests,DINGO,test,FALSE,,,,,,,,,,,,,,,,,
dingo-ingest,DINGO Ingests,DINGO,prod,FALSE,,,,,,,,,,,,,,,,,
nodenorm-es,NodeNorm ES,CoCoWG,dev,FALSE,,,,,,,,,,,,,,,,,
nodenorm-es,NodeNorm ES,CoCoWG,ci,TRUE,https://nodenorm-es.ci.transltr.io/,ITRB,1.0.0,openapi,1.5.0,openapi,,,200,TRUE,,,,,,https://nodenorm-es.ci.transltr.io/webapp/openapi.json,
nodenorm-es,NodeNorm ES,CoCoWG,test,TRUE,https://nodenorm-es.test.transltr.io/,ITRB,1.0.0,openapi,1.5.0,openapi,,,200,TRUE,,,,,,https://nodenorm-es.test.transltr.io/webapp/openapi.json,
nodenorm-es,NodeNorm ES,CoCoWG,prod,FALSE,,,,,,,,,,,,,,,,,
kgx-storage-pipeline,KGX Storage,DINGO,dev,FALSE,,,,,,,,,,,,,,,,,
kgx-storage-pipeline,KGX Storage,DINGO,ci,TRUE,https://kgx-storage.ci.transltr.io/,ITRB,,,,,,,404,FALSE,,,,,,https://kgx-storage.ci.transltr.io/openapi.json,
kgx-storage-pipeline,KGX Storage,DINGO,test,FALSE,,,,,,,,,,,,,,,,,
kgx-storage-pipeline,KGX Storage,DINGO,prod,FALSE,,,,,,,,,,,,,,,,,
dogpark-ranger,DogPark Ranger,DOGSURF,dev,FALSE,,,,,,,,,,,,,,,,,
dogpark-ranger,DogPark Ranger,DOGSURF,ci,FALSE,,,,,,,,,,,,,,,,,
dogpark-ranger,DogPark Ranger,DOGSURF,test,FALSE,,,,,,,,,,,,,,,,,
dogpark-ranger,DogPark Ranger,DOGSURF,prod,FALSE,,,,,,,,,,,,,,,,,
dogpark-tier-0,Tier 0: Gandalf (full KGX),DOGSLED,dev,TRUE,https://gandalf.renci.org/,RENCI,1.0.0,openapi,1.5.0,openapi,4.2.1,,200,TRUE,,,2026-07-21,v1.0.0,https://github.com/ranking-agent/gandalf/releases/tag/v1.0.0,https://gandalf.renci.org/openapi.json,
dogpark-tier-0,Tier 0: Gandalf (full KGX),DOGSLED,ci,FALSE,,,,,,,,,,,,,,,,,
dogpark-tier-0,Tier 0: Gandalf (full KGX),DOGSLED,test,FALSE,,,,,,,,,,,,,,,,,
dogpark-tier-0,Tier 0: Gandalf (full KGX),DOGSLED,prod,FALSE,,,,,,,,,,,,,,,,,
dogpark-tier-1,Tier 1: ElasticSearch (KGX split out by data source),DOGSURF,dev,FALSE,,,,,,,,,,,,,,,,,
dogpark-tier-1,Tier 1: ElasticSearch (KGX split out by data source),DOGSURF,ci,FALSE,,,,,,,,,,,,,,,,,
dogpark-tier-1,Tier 1: ElasticSearch (KGX split out by data source),DOGSURF,test,FALSE,,,,,,,,,,,,,,,,,
dogpark-tier-1,Tier 1: ElasticSearch (KGX split out by data source),DOGSURF,prod,FALSE,,,,,,,,,,,,,,,,,
retriever,Retriever (query API),DOGSURF,dev,TRUE,https://dev.retriever.biothings.io/,,0.0.1,openapi,1.6.0,openapi,,,200,TRUE,,,,,,https://dev.retriever.biothings.io/openapi.json,
retriever,Retriever (query API),DOGSURF,ci,TRUE,https://retriever.ci.transltr.io/,,0.0.1,openapi,1.6.0,openapi,,,200,TRUE,,,,,,https://retriever.ci.transltr.io/openapi.json,
retriever,Retriever (query API),DOGSURF,test,TRUE,https://retriever.test.transltr.io/,,0.0.1,openapi,1.6.0,openapi,,,200,TRUE,,,,,,https://retriever.test.transltr.io/openapi.json,
retriever,Retriever (query API),DOGSURF,prod,FALSE,,,,,,,,,,,,,,,,,
shepherd-aragorn,ARAGORN,DOGSLED,dev,TRUE,https://shepherd.renci.org/aragorn,RENCI,1.1.2,openapi,1.5.0,openapi,4.1.6,,200,TRUE,,version,2026-09-01,v1.1.2,https://github.com/BioPack-team/shepherd/releases/tag/v1.1.2,https://shepherd.renci.org/aragorn/openapi.json,
shepherd-aragorn,ARAGORN,DOGSLED,ci,TRUE,https://shepherd.ci.transltr.io/aragorn,ITRB,1.1.4,openapi,1.5.0,openapi,4.1.6,,200,TRUE,,version,2026-09-02,v1.1.4,https://github.com/BioPack-team/shepherd/releases/tag/v1.1.4,https://shepherd.ci.transltr.io/aragorn/openapi.json,
shepherd-aragorn,ARAGORN,DOGSLED,test,TRUE,https://shepherd.test.transltr.io/aragorn,ITRB,1.1.0,openapi,1.5.0,openapi,4.1.6,,200,TRUE,,version,2026-08-12,v1.1.0,https://github.com/BioPack-team/shepherd/releases/tag/v1.1.0,https://shepherd.test.transltr.io/aragorn/openapi.json,
shepherd-aragorn,ARAGORN,DOGSLED,prod,FALSE,,,,,,,,,,,,,,,,,
shepherd-arax,ARAX,CATRAX,dev,TRUE,https://shepherd.renci.org/arax,RENCI,1.1.2,openapi,1.5.0,openapi,4.1.6,,200,TRUE,,version,2026-09-01,v1.1.2,https://github.com/BioPack-team/shepherd/releases/tag/v1.1.2,https://shepherd.renci.org/arax/openapi.json,
shepherd-arax,ARAX,CATRAX,ci,TRUE,https://shepherd.ci.transltr.io/arax,ITRB,1.1.4,openapi,1.5.0,openapi,4.1.6,,200,TRUE,,version,2026-09-02,v1.1.4,https://github.com/BioPack-team/shepherd/releases/tag/v1.1.4,https://shepherd.ci.transltr.io/arax/openapi.json,
shepherd-arax,ARAX,CATRAX,test,TRUE,https://shepherd.test.transltr.io/arax,ITRB,1.1.0,openapi,1.5.0,openapi,4.1.6,,200,TRUE,,version,2026-08-12,v1.1.0,https://github.com/BioPack-team/shepherd/releases/tag/v1.1.0,https://shepherd.test.transltr.io/arax/openapi.json,
shepherd-arax,ARAX,CATRAX,prod,FALSE,,,,,,,,,,,,,,,,,
arax,RTX/ARAX,CATRAX,dev,TRUE,https://arax.ncats.io/beta/api/arax/v1.4,,1.6.2,openapi,1.6.0,openapi,4.2.5,,200,TRUE,,,,,,https://arax.ncats.io/beta/api/arax/v1.4/openapi.json,
arax,RTX/ARAX,CATRAX,ci,TRUE,https://arax.ci.transltr.io/api/arax/v1.4,,1.6.2,openapi,1.6.0,openapi,4.2.5,,200,TRUE,,,,,,https://arax.ci.transltr.io/api/arax/v1.4/openapi.json,
arax,RTX/ARAX,CATRAX,test,TRUE,https://arax.test.transltr.io/api/arax/v1.4,,1.6.2,openapi,1.6.0,openapi,4.2.5,,200,TRUE,,,,,,https://arax.test.transltr.io/api/arax/v1.4/openapi.json,
arax,RTX/ARAX,CATRAX,prod,TRUE,https://arax.transltr.io/api/arax/v1.4,,1.5.4,openapi,1.5.0,openapi,4.2.1,,200,TRUE,,version;trapi;biolink,,,,https://arax.transltr.io/api/arax/v1.4/openapi.json,
shepherd-bte,BioThings Explorer (BTE),DOGSURF,dev,TRUE,https://shepherd.renci.org/bte,RENCI,1.1.2,openapi,1.5.0,openapi,4.1.6,,200,TRUE,,version,2026-09-01,v1.1.2,https://github.com/BioPack-team/shepherd/releases/tag/v1.1.2,https://shepherd.renci.org/bte/openapi.json,
shepherd-bte,BioThings Explorer (BTE),DOGSURF,ci,TRUE,https://shepherd.ci.transltr.io/bte,ITRB,1.1.4,openapi,1.5.0,openapi,4.1.6,,200,TRUE,,version,2026-09-02,v1.1.4,https://github.com/BioPack-team/shepherd/releases/tag/v1.1.4,https://shepherd.ci.transltr.io/bte/openapi.json,
shepherd-bte,BioThings Explorer (BTE),DOGSURF,test,TRUE,https://shepherd.test.transltr.io/bte,ITRB,1.1.0,openapi,1.5.0,openapi,4.1.6,,200,TRUE,,version,2026-08-12,v1.1.0,https://github.com/BioPack-team/shepherd/releases/tag/v1.1.0,https://shepherd.test.transltr.io/bte/openapi.json,
shepherd-bte,BioThings Explorer (BTE),DOGSURF,prod,FALSE,,,,,,,,,,,,,,,,,
ars,ARS,NCATS,dev,TRUE,https://ars-dev.transltr.io,,1.0.0,smartapi,1.6.0,smartapi,3.1.1,,,FALSE,,,,,,https://ars-dev.transltr.io/openapi.json,
ars,ARS,NCATS,ci,TRUE,https://ars.ci.transltr.io/,,1.0.0,smartapi,1.6.0,smartapi,3.1.1,,503,FALSE,,,,,,https://ars.ci.transltr.io/openapi.json,
ars,ARS,NCATS,test,TRUE,https://ars.test.transltr.io,,1.0.0,smartapi,1.6.0,smartapi,3.1.1,,404,FALSE,,,,,,https://ars.test.transltr.io/openapi.json,
ars,ARS,NCATS,prod,TRUE,https://ars-prod.transltr.io,,1.0.0,smartapi,1.6.0,smartapi,3.1.1,,404,FALSE,,,,,,https://ars-prod.transltr.io/openapi.json,
ars-test-server,ARS Test Server,NCATS,dev,FALSE,,,,,,,,,,,,,,,,,
ars-test-server,ARS Test Server,NCATS,ci,FALSE,,,,,,,,,,,,,,,,,
ars-test-server,ARS Test Server,NCATS,test,FALSE,,,,,,,,,,,,,,,,,
ars-test-server,ARS Test Server,NCATS,prod,FALSE,,,,,,,,,,,,,,,,,
answer-appraiser,Answer Appraiser,DOGSLED,dev,FALSE,,,,,,,,,,,,,,,,,
answer-appraiser,Answer Appraiser,DOGSLED,ci,TRUE,https://answerappraiser.ci.transltr.io/,ITRB,0.8.2,openapi,1.6.0,openapi,4.2.0,,200,TRUE,TRUE,,2026-05-19,v0.8.2,https://github.com/TranslatorSRI/answer-appraiser/releases/tag/v0.8.2,https://answerappraiser.ci.transltr.io/openapi.json,
answer-appraiser,Answer Appraiser,DOGSLED,test,TRUE,https://answerappraiser.test.transltr.io/,ITRB,0.8.2,openapi,1.6.0,openapi,4.2.0,,200,TRUE,TRUE,,2026-05-19,v0.8.2,https://github.com/TranslatorSRI/answer-appraiser/releases/tag/v0.8.2,https://answerappraiser.test.transltr.io/openapi.json,
answer-appraiser,Answer Appraiser,DOGSLED,prod,TRUE,https://answerappraiser.transltr.io,ITRB,0.6.1,openapi,1.5.0,openapi,4.2.0,,200,TRUE,,version;trapi,2024-10-04,v0.6.1,https://github.com/TranslatorSRI/answer-appraiser/releases/tag/v0.6.1,https://answerappraiser.transltr.io/openapi.json,
ui,Translator UI,UI,dev,TRUE,https://transltr-bma-ui-dev.ncats.io/,,,,,,,,,FALSE,,,,,,,
ui,Translator UI,UI,ci,TRUE,https://ui.ci.transltr.io/,ITRB,,,,,,,,FALSE,,,,,,,
ui,Translator UI,UI,test,TRUE,https://ui.test.transltr.io/,ITRB,,,,,,,,FALSE,,,,,,,
ui,Translator UI,UI,prod,TRUE,https://ui.transltr.io/,ITRB,,,,,,,,FALSE,,,,,,,
smartapi,SmartAPI,DOGSURF,dev,FALSE,,,,,,,,,,,,,,,,,
smartapi,SmartAPI,DOGSURF,ci,FALSE,,,,,,,,,,,,,,,,,
smartapi,SmartAPI,DOGSURF,test,FALSE,,,,,,,,,,,,,,,,,
smartapi,SmartAPI,DOGSURF,prod,FALSE,,,,,,,,,,,,,,,,,
node-annotator,Node Annotator,CoCoWG,dev,FALSE,,,,,,,,,,,,,,,,,
node-annotator,Node Annotator,CoCoWG,ci,TRUE,https://annotator.ci.transltr.io/,ITRB,1.0,openapi,,,,,200,TRUE,TRUE,,,,,https://annotator.ci.transltr.io/webapp/openapi.json,
node-annotator,Node Annotator,CoCoWG,test,TRUE,https://annotator.test.transltr.io/,ITRB,1.0,openapi,,,,,200,TRUE,TRUE,,,,,https://annotator.test.transltr.io/webapp/openapi.json,
node-annotator,Node Annotator,CoCoWG,prod,TRUE,https://annotator.transltr.io/,ITRB,1.0.0,openapi,,,,,200,TRUE,,version,,,,https://annotator.transltr.io/openapi.json,
name-lookup,Name Lookup (NameRes),DOGSLED,dev,TRUE,https://name-resolution-sri.renci.org/,RENCI,1.5.2,openapi,,,,babel 2025sep1 · biolink master,200,TRUE,,,2026-04-08,v1.5.2,https://github.com/NCATSTranslator/NameResolution/releases/tag/v1.5.2,https://name-resolution-sri.renci.org/openapi.json,https://name-resolution-sri.renci.org/status?full=true
name-lookup,Name Lookup (NameRes),DOGSLED,ci,TRUE,https://name-lookup.ci.transltr.io/,ITRB,1.5.2,openapi,,,,babel 2025sep1 · biolink master,200,TRUE,,,2026-04-08,v1.5.2,https://github.com/NCATSTranslator/NameResolution/releases/tag/v1.5.2,https://name-lookup.ci.transltr.io/openapi.json,https://name-lookup.ci.transltr.io/status?full=true
name-lookup,Name Lookup (NameRes),DOGSLED,test,TRUE,https://name-lookup.test.transltr.io/,ITRB,1.5.2,openapi,,,,babel 2025sep1 · biolink master,200,TRUE,,,2026-04-08,v1.5.2,https://github.com/NCATSTranslator/NameResolution/releases/tag/v1.5.2,https://name-lookup.test.transltr.io/openapi.json,https://name-lookup.test.transltr.io/status?full=true
name-lookup,Name Lookup (NameRes),DOGSLED,prod,TRUE,https://name-lookup.transltr.io/,ITRB,1.4.5,openapi,,,,,200,TRUE,,version,2024-10-21,v1.4.5,https://github.com/NCATSTranslator/NameResolution/releases/tag/v1.4.5,https://name-lookup.transltr.io/openapi.json,https://name-lookup.transltr.io/status?full=true
pending-api,BioThings Pending API,DOGSURF,dev,FALSE,,,,,,,,,,,,,,,,,
pending-api,BioThings Pending API,DOGSURF,ci,TRUE,https://biothings.ci.transltr.io/,ITRB,,,,,,,200,FALSE,,,,,,https://biothings.ci.transltr.io/openapi.json,
pending-api,BioThings Pending API,DOGSURF,test,TRUE,https://biothings.test.transltr.io/,ITRB,,,,,,,200,FALSE,,,,,,https://biothings.test.transltr.io/openapi.json,
pending-api,BioThings Pending API,DOGSURF,prod,TRUE,https://biothings.transltr.io/,ITRB,,,,,,,200,FALSE,,,,,,https://biothings.transltr.io/openapi.json,
nameres-es,NameRes ES,CoCoWG,dev,FALSE,,,,,,,,,,,,,,,,,
nameres-es,NameRes ES,CoCoWG,ci,TRUE,https://namelookup-es.ci.transltr.io/,ITRB,1.5.1,openapi,,,,,200,TRUE,,,,,,https://namelookup-es.ci.transltr.io/webapp/openapi.json,
nameres-es,NameRes ES,CoCoWG,test,FALSE,,,,,,,,,,,,,,,,,
nameres-es,NameRes ES,CoCoWG,prod,FALSE,,,,,,,,,,,,,,,,,
docmetadata-api,docmetadata-api,CoCoWG,dev,FALSE,,,,,,,,,,,,,,,,,
docmetadata-api,docmetadata-api,CoCoWG,ci,FALSE,,,,,,,,,,,,,,,,,
docmetadata-api,docmetadata-api,CoCoWG,test,FALSE,,,,,,,,,,,,,,,,,
docmetadata-api,docmetadata-api,CoCoWG,prod,FALSE,,,,,,,,,,,,,,,,,
translator-sdk,Translator SDK,CoCoWG,dev,FALSE,,,,,,,,,,,,,,,,,
translator-sdk,Translator SDK,CoCoWG,ci,FALSE,,,,,,,,,,,,,,,,,
translator-sdk,Translator SDK,CoCoWG,test,FALSE,,,,,,,,,,,,,,,,,
translator-sdk,Translator SDK,CoCoWG,prod,FALSE,,,,,,,,,,,,,,,,,
translator-component-toolkit,Translator Component Toolkit,CATRAX,dev,FALSE,,,,,,,,,,,,,,,,,
translator-component-toolkit,Translator Component Toolkit,CATRAX,ci,FALSE,,,,,,,,,,,,,,,,,
translator-component-toolkit,Translator Component Toolkit,CATRAX,test,FALSE,,,,,,,,,,,,,,,,,
translator-component-toolkit,Translator Component Toolkit,CATRAX,prod,FALSE,,,,,,,,,,,,,,,,,
jaeger,Jaeger (OTel),DOGSLED,dev,FALSE,,,,,,,,,,,,,,,,,
jaeger,Jaeger (OTel),DOGSLED,ci,TRUE,https://translator-otel.ci.transltr.io/,ITRB,1.16.0,helm,,,,,200,FALSE,,,,,,https://translator-otel.ci.transltr.io/openapi.json,
jaeger,Jaeger (OTel),DOGSLED,test,TRUE,https://translator-otel.test.transltr.io/,ITRB,1.16.0,helm,,,,,200,FALSE,,,,,,https://translator-otel.test.transltr.io/openapi.json,
jaeger,Jaeger (OTel),DOGSLED,prod,TRUE,https://translator-otel.transltr.io/,ITRB,1.16.0,helm,,,,,200,FALSE,,,,,,https://translator-otel.transltr.io/openapi.json,
test-harness,Test Harness,DOGSLED,dev,FALSE,,,,,,,,,,,,,,,,,
test-harness,Test Harness,DOGSLED,ci,FALSE,,,,,,,,,,,,,,,,,
test-harness,Test Harness,DOGSLED,test,FALSE,,,,,,,,,,,,,,,,,
test-harness,Test Harness,DOGSLED,prod,FALSE,,,,,,,,,,,,,,,,,
ploverdb,Ploverdb,CATRAX,dev,TRUE,https://kg2cploverdb.ci.transltr.io,,2.10.2,smartapi,1.5.0,smartapi,4.2.5,,,FALSE,,,,,,,
ploverdb,Ploverdb,CATRAX,ci,TRUE,https://kg2cploverdb.ci.transltr.io,,2.10.2,smartapi,1.5.0,smartapi,4.2.5,,,FALSE,,,,,,,
ploverdb,Ploverdb,CATRAX,test,TRUE,https://kg2cploverdb.test.transltr.io,,2.10.2,smartapi,1.5.0,smartapi,4.2.5,,,FALSE,,,,,,,
ploverdb,Ploverdb,CATRAX,prod,TRUE,https://kg2cploverdb.transltr.io,,2.10.2,smartapi,1.5.0,smartapi,4.2.5,,,FALSE,,,,,,,
